"page_id","token","lemma","position","nameTag","NE","udpipe.feats.Abbr","udpipe.feats.AdpType","udpipe.feats.Animacy","udpipe.feats.Aspect","udpipe.feats.Case","udpipe.feats.Degree","udpipe.feats.Foreign","udpipe.feats.Gender","udpipe.feats.Mood","udpipe.feats.NameType","udpipe.feats.NumForm","udpipe.feats.NumType","udpipe.feats.Number","udpipe.feats.Person","udpipe.feats.Polarity","udpipe.feats.PronType","udpipe.feats.Reflex","udpipe.feats.Tense","udpipe.feats.Variant","udpipe.feats.VerbForm","udpipe.feats.Voice","udpipe.misc.B-gu","udpipe.misc.B-pd","udpipe.misc.B-pf","udpipe.misc.B-ps","udpipe.misc.B-td","udpipe.misc.B-tm","udpipe.misc.B-ty","udpipe.misc.I-pd","udpipe.misc.I-pf","udpipe.misc.I-td","udpipe.misc.SpaceAfter"
"1","r","r","1","O","","Yes","","","","","","","","","","","","","","","","","","","","","","","","","","","","","","",""
"1","Antropologický","antropologický","2","O","","","","Inan","","Nom","Pos","","Masc","","","","","Sing","","Pos","","","","","","","","","","","","","","","","",""
"1","posudek","posudek","3","O","","","","Inan","","Nom","","","Masc","","","","","Sing","","","","","","","","","","","","","","","","","","",""
"1","o","o","4","O","","","Prep","","","Loc","","","","","","","","","","","","","","","","","","","","","","","","","","",""
"1","žárových","žárový","5","O","","","","Inan","","Loc","Pos","","Masc","","","","","Plur","","Pos","","","","","","","","","","","","","","","","",""
"1","pozůstatcích","pozůstatek","6","O","","","","Inan","","Loc","","","Masc","","","","","Plur","","","","","","","","","","","","","","","","","","",""
"1","z","z","7","O","","","Prep","","","Gen","","","","","","","","","","","","","","","","","","","","","","","","","","",""
"1","halštatské","halštatský","8","O","","","","","","Gen","Pos","","Fem","","","","","Sing","","Pos","","","","","","","","","","","","","","","","",""
"1","mohyly","mohyla","9","O","","","","","","Gen","","","Fem","","","","","Sing","","","","","","","","","","","","","","","","","","",""
"1","č","číslo","10","O","","Yes","","","","","","","Neut","","","","","","","","","","","","","","","","","","","","","","","","No"
"1",".",".","11","O","","","","","","","","","","","","","","","","","","","","","","","","","","","","","","","","",""
"1","1","1","12","B-n_","Number expression (General)","","","","","","","","","","","Digit","Card","","","","","","","","","","","","","","","","","","","",""
"1","v","v","13","O","","","Prep","","","Loc","","","","","","","","","","","","","","","","","","","","","","","","","","",""
"1","Kšicích","Kšice","14","B-gu","Settlement name (City/Town)","","","","","Loc","","","Fem","","Geo","","","Plur","","","","","","","","","","","","","","","","","","",""
"1","o","o","15","O","","Yes","","","","","","","","","","","","","","","","","","","","","","","","","","","","","","","No"
"1",".",".","16","O","","","","","","","","","","","","","","","","","","","","","","","","","","","","","","","","",""
"1","Tachov","Tachov","17","B-gu","Settlement name (City/Town)","","","Inan","","Nom","","","Masc","","Geo","","","Sing","","","","","","","","","","","","","","","","","","","No"
"1",".",".","18","O","","","","","","","","","","","","","","","","","","","","","","","","","","","","","","","","",""
"1","Lidské","lidský","1","O","","","","Inan","","Nom","Pos","","Masc","","","","","Plur","","Pos","","","","","","","","","","","","","","","","",""
"1","žárové","žárový","2","O","","","","Inan","","Nom","Pos","","Masc","","","","","Plur","","Pos","","","","","","","","","","","","","","","","",""
"1","pozůstatky","pozůstatek","3","O","","","","Inan","","Nom","","","Masc","","","","","Plur","","","","","","","","","","","","","","","","","","","No"
"1",",",",","4","O","","","","","","","","","","","","","","","","","","","","","","","","","","","","","","","","",""
"1","dodané","dodaný","5","O","","","","Inan","","Nom","Pos","","Masc","","","","","Plur","","Pos","","","","","Part","Pass","","","","","","","","","","",""
"1","k","k","6","O","","","Prep","","","Dat","","","","","","","","","","","","","","","","","","","","","","","","","","",""
"1","antropologickému","antropologický","7","O","","","","Inan","","Dat","Pos","","Masc","","","","","Sing","","Pos","","","","","","","","","","","","","","","","",""
"1","rozboru","rozbor","8","O","","","","Inan","","Dat","","","Masc","","","","","Sing","","","","","","","","","","","","","","","","","","","No"
"1",",",",","9","O","","","","","","","","","","","","","","","","","","","","","","","","","","","","","","","","",""
"1","byly","být","10","O","","","","Inan","Imp","","","","Fem,Masc","","","","","Plur","","Pos","","","Past","","Part","Act","","","","","","","","","","",""
"1","získány","získaný","11","O","","","","Inan","Perf","","Pos","","Fem,Masc","","","","","Plur","","Pos","","","","Short","Part","Pass","","","","","","","","","","",""
"1","dr","dr","12","B-P","Complex personal names","Yes","","","","","","","","","","","","","","","","","","","","","","Yes","","","","","","","","","No"
"1",".",".","13","I-P","Complex personal names","","","","","","","","","","","","","","","","","","","","","","","","","","","","","Yes","","",""
"1","V","V","14","I-P","Complex personal names","Yes","","","","","","","","","","","","","","","","","","","","","","","Yes","","","","","","","","No"
"1",".",".","15","I-P","Complex personal names","","","","","","","","","","","","","","","","","","","","","","","","","","","","","","Yes","",""
"1","Stefanovou","Stefanová","16","I-P","Complex personal names","","","","","Ins","","","Fem","","Giv","","","Sing","","","","","","","","","","","","Yes","","","","","","",""
"1","při","při","17","O","","","Prep","","","Loc","","","","","","","","","","","","","","","","","","","","","","","","","","",""
"1","záchranném","záchranný","18","O","","","","Inan","","Loc","Pos","","Masc","","","","","Sing","","Pos","","","","","","","","","","","","","","","","",""
"1","výzkumu","výzkum","19","O","","","","Inan","","Loc","","","Masc","","","","","Sing","","","","","","","","","","","","","","","","","","",""
"1","halštatské","halštatský","20","O","","","","","","Gen","Pos","","Fem","","","","","Sing","","Pos","","","","","","","","","","","","","","","","",""
"1","mohyly","mohyla","21","O","","","","","","Gen","","","Fem","","","","","Sing","","","","","","","","","","","","","","","","","","",""
"1","č.21","č.21","22","O","","","","","","","","","","","","Digit","Card","","","","","","","","","","","","","","","","","","","",""
"1","v","v","23","O","","","Prep","","","Loc","","","","","","","","","","","","","","","","","","","","","","","","","","",""
"1","Kšicích","Kšice","24","B-gu","Settlement name (City/Town)","","","","","Loc","","","Fem","","Geo","","","Plur","","","","","","","","","","","","","","","","","","",""
"1","u","u","25","I-gu","Settlement name (City/Town)","","Prep","","","Gen","","","","","","","","","","","","","","","","","","","","","","","","","","",""
"1","Tachova","Tachov","26","I-gu","Settlement name (City/Town)","","","Inan","","Gen","","","Masc","","Geo","","","Sing","","","","","","","","","Yes","","","","","","","","","",""
"1","v","v","27","O","","","Prep","","","Loc","","","","","","","","","","","","","","","","","","","","","","","","","","",""
"1","roce","rok","28","O","","","","Inan","","Loc","","","Masc","","","","","Sing","","","","","","","","","","","","","","","","","","",""
"1","1971","1971","29","B-ty","Year","","","","","","","","","","","Digit","Card","","","","","","","","","","","","","","","","","","","","No"
"1",".",".","30","O","","","","","","","","","","","","","","","","","","","","","","","","","","","","","","","","",""
"1","Kůstky","kůstka","1","O","","","","","","Nom","","","Fem","","","","","Plur","","","","","","","","","","","","","","","","","","",""
"1","byly","být","2","O","","","","Inan","Imp","","","","Fem,Masc","","","","","Plur","","Pos","","","Past","","Part","Act","","","","","","","","","","",""
"1","vyzved","vyzved","3","O","","","","","Perf","","Pos","","Masc","","","","","Sing","","Pos","","","","Short","Part","Pass","","","","","","","","","","",""
"1","vyzvedpo","vyzvedpo","4","O","","","","","","","","","","","","","","","","","","","","","","","","","","","","","","","","",""
"1","částech","část","5","O","","","","","","Loc","","","Fem","","","","","Plur","","","","","","","","","","","","","","","","","","",""
"1","a","a","6","O","","","","","","","","","","","","","","","","","","","","","","","","","","","","","","","","",""
"1","dodány","dodaný","7","O","","","","Inan","Perf","","Pos","","Fem,Masc","","","","","Plur","","Pos","","","","Short","Part","Pass","","","","","","","","","","",""
"1","v","v","8","O","","","Prep","","","Loc","","","","","","","","","","","","","","","","","","","","","","","","","","",""
"1","několika","několik","9","O","","","","","","Loc","","","","","","","Card","","","","Ind","","","","","","","","","","","","","","","",""
"1","sáčcích","sáček","10","O","","","","Inan","","Loc","","","Masc","","","","","Plur","","","","","","","","","","","","","","","","","","","No"
"1",":",":","11","O","","","","","","","","","","","","","","","","","","","","","","","","","","","","","","","","",""
"1","Sáček","sáček","12","O","","","","Inan","","Nom","","","Masc","","","","","Sing","","","","","","","","","","","","","","","","","","",""
"1","č","číslo","13","O","","Yes","","","","","","","Neut","","","","","","","","","","","","","","","","","","","","","","","","No"
"1",".39",".39","14","O","","","","","","","","","","","","Digit","Card","","","","","","","","","","","","","","","","","","","",""
"1","(","(","15","O","","","","","","","","","","","","","","","","","","","","","","","","","","","","","","","","","No"
"1","kůstky","kůstka","16","O","","","","","","Nom","","","Fem","","","","","Plur","","","","","","","","","","","","","","","","","","",""
"1","u","u","17","O","","","Prep","","","Gen","","","","","","","","","","","","","","","","","","","","","","","","","","",""
"1","nádoby","nádoba","18","O","","","","","","Gen","","","Fem","","","","","Sing","","","","","","","","","","","","","","","","","","",""
"1","1","1","19","B-n_","Number expression (General)","","","","","","","","","","","Digit","Card","","","","","","","","","","","","","","","","","","","",""
"1","v","v","20","O","","","Prep","","","Loc","","","","","","","","","","","","","","","","","","","","","","","","","","",""
"1","severovýchodním","severovýchodní","21","O","","","","Inan","","Loc","Pos","","Masc","","","","","Sing","","Pos","","","","","","","","","","","","","","","","",""
"1","rohu","roh","22","O","","","","Inan","","Loc","","","Masc","","","","","Sing","","","","","","","","","","","","","","","","","","",""
"1","hrobu","hrob","23","O","","","","Inan","","Gen","","","Masc","","","","","Sing","","","","","","","","","","","","","","","","","","","No"
"1",")",")","24","O","","","","","","","","","","","","","","","","","","","","","","","","","","","","","","","","","No"
"1",":",":","25","O","","","","","","","","","","","","","","","","","","","","","","","","","","","","","","","","",""
"1","Po","po","26","O","","","Prep","","","Loc","","","","","","","","","","","","","","","","","","","","","","","","","","",""
"1","rozplavení","rozplavení","27","O","","","","","","Loc","","","Neut","","","","","Sing","","","","","","","Vnoun","","","","","","","","","","","",""
"1","zjištěn","zjištěný","28","O","","","","","Perf","","Pos","","Masc","","","","","Sing","","Pos","","","","Short","Part","Pass","","","","","","","","","","",""
"1","jediný","jediný","29","O","","","","Inan","","Nom","Pos","","Masc","","","","","Sing","","Pos","","","","","","","","","","","","","","","","",""
"1","drobný","drobný","30","O","","","","Inan","","Nom","Pos","","Masc","","","","","Sing","","Pos","","","","","","","","","","","","","","","","",""
"1","úlomek","úlomek","31","O","","","","Inan","","Nom","","","Masc","","","","","Sing","","","","","","","","","","","","","","","","","","",""
"1","kostní","kostní","32","O","","","","","","Gen","Pos","","Fem","","","","","Sing","","Pos","","","","","","","","","","","","","","","","",""
"1","kompakty","kompakta","33","O","","","","","","Gen","","","Fem","","","","","Sing","","","","","","","","","","","","","","","","","","",""
"1","bez","bez","34","O","","","Prep","","","Gen","","","","","","","","","","","","","","","","","","","","","","","","","","",""
"1","charakteristických","charakteristický","35","O","","","","Inan","","Gen","Pos","","Masc","","","","","Plur","","Pos","","","","","","","","","","","","","","","","",""
"1","znaků","znak","36","O","","","","Inan","","Gen","","","Masc","","","","","Plur","","","","","","","","","","","","","","","","","","","No"
"1",".",".","37","O","","","","","","","","","","","","","","","","","","","","","","","","","","","","","","","","",""
"1","Sáček","sáček","1","O","","","","Inan","","Nom","","","Masc","","","","","Sing","","","","","","","","","","","","","","","","","","",""
"1","č","číslo","2","O","","Yes","","","","","","","Neut","","","","","","","","","","","","","","","","","","","","","","","","No"
"1",".41",".41","3","O","","","","","","","","","","","","Digit","Card","","","","","","","","","","","","","","","","","","","",""
"1","(","(","4","O","","","","","","","","","","","","","","","","","","","","","","","","","","","","","","","","","No"
"1","kůstky","kůstka","5","O","","","","","","Nom","","","Fem","","","","","Plur","","","","","","","","","","","","","","","","","","",""
"1","na","na","6","O","","","Prep","","","Loc","","","","","","","","","","","","","","","","","","","","","","","","","","",""
"1","hromádce","hromádka","7","O","","","","","","Loc","","","Fem","","","","","Sing","","","","","","","","","","","","","","","","","","",""
"1","u","u","8","O","","","Prep","","","Gen","","","","","","","","","","","","","","","","","","","","","","","","","","",""
"1","nádoby","nádoba","9","O","","","","","","Gen","","","Fem","","","","","Sing","","","","","","","","","","","","","","","","","","",""
"1","11","11","10","B-n_","Number expression (General)","","","","","","","","","","","Digit","Card","","","","","","","","","","","","","","","","","","","",""
"1","v","v","11","O","","","Prep","","","Loc","","","","","","","","","","","","","","","","","","","","","","","","","","",""
"1","jihozápadním","jihozápadní","12","O","","","","Inan","","Loc","Pos","","Masc","","","","","Sing","","Pos","","","","","","","","","","","","","","","","",""
"1","rohu","roh","13","O","","","","Inan","","Loc","","","Masc","","","","","Sing","","","","","","","","","","","","","","","","","","","No"
"1",")",")","14","O","","","","","","","","","","","","","","","","","","","","","","","","","","","","","","","","","No"
"1",":",":","15","O","","","","","","","","","","","","","","","","","","","","","","","","","","","","","","","","",""
"1","Malé","malý","16","O","","","","","","Nom","Pos","","Neut","","","","","Sing","","Pos","","","","","","","","","","","","","","","","",""
"1","množství","množství","17","O","","","","","","Nom","","","Neut","","","","","Sing","","","","","","","","","","","","","","","","","","",""
"1","necharakteristické","charakteristický","18","O","","","","","","Gen","Pos","","Fem","","","","","Sing","","Neg","","","","","","","","","","","","","","","","",""
"1","kostní","kostní","19","O","","","","","","Gen","Pos","","Fem","","","","","Sing","","Pos","","","","","","","","","","","","","","","","",""
"1","drti","drt","20","O","","","","","","Gen","","","Fem","","","","","Sing","","","","","","","","","","","","","","","","","","","No"
"1",";",";","21","O","","","","","","","","","","","","","","","","","","","","","","","","","","","","","","","","",""
"1","části","část","1","O","","","","","","Nom","","","Fem","","","","","Plur","","","","","","","","","","","","","","","","","","",""
"1","dosti","dost","2","O","","","","","","","Pos","","","","","","","","","Pos","","","","","","","","","","","","","","","","",""
"1","graoilní","graoilní","3","O","","","","Inan","","Nom","Pos","","Masc","","","","","Plur","","Pos","","","","","","","","","","","","","","","","",""
"1","kompakty","kompakt","4","O","","","","Inan","","Nom","","","Masc","","","","","Plur","","","","","","","","","","","","","","","","","","","No"
"1",";",";","5","O","","","","","","","","","","","","","","","","","","","","","","","","","","","","","","","","",""
"1","spongiosní","spongiosní","1","O","","","","Inan","","Nom","Pos","","Masc","","","","","Plur","","Pos","","","","","","","","","","","","","","","","",""
"1","fragmenty","fragment","2","O","","","","Inan","","Nom","","","Masc","","","","","Plur","","","","","","","","","","","","","","","","","","",""
"1","vykazují","vykazovat","3","O","","","","","Imp","","","","","Ind","","","","Plur","3","Pos","","","Pres","","Fin","Act","","","","","","","","","","",""
"1","nejisté","jistý","4","O","","","","Inan","","Acc","Pos","","Masc","","","","","Plur","","Neg","","","","","","","","","","","","","","","","",""
"1","náznaky","náznak","5","O","","","","Inan","","Acc","","","Masc","","","","","Plur","","","","","","","","","","","","","","","","","","",""
"1","počínající","počínající","6","O","","","","","Imp","Gen","","","Fem","","","","","Sing","","Pos","","","Pres","","Part","Act","","","","","","","","","","",""
"1","osteoporotické","osteoporotický","7","O","","","","","","Gen","Pos","","Fem","","","","","Sing","","Pos","","","","","","","","","","","","","","","","",""
"1","přestavby","přestavba","8","O","","","","","","Gen","","","Fem","","","","","Sing","","","","","","","","","","","","","","","","","","",""
"1","kostní","kostní","9","O","","","","","","Gen","Pos","","Fem","","","","","Sing","","Pos","","","","","","","","","","","","","","","","",""
"1","trámčiny","trámčina","10","O","","","","","","Gen","","","Fem","","","","","Sing","","","","","","","","","","","","","","","","","","","No"
"1",".",".","11","O","","","","","","","","","","","","","","","","","","","","","","","","","","","","","","","","",""
"1","Sáček","sáček","1","O","","","","Inan","","Nom","","","Masc","","","","","Sing","","","","","","","","","","","","","","","","","","",""
"1","č","číslo","2","O","","Yes","","","","","","","Neut","","","","","","","","","","","","","","","","","","","","","","","","No"
"1",".54",".54","3","O","","","","","","","","","","","","Digit","Card","","","","","","","","","","","","","","","","","","","",""
"1","(","(","4","O","","","","","","","","","","","","","","","","","","","","","","","","","","","","","","","","","No"
"1","kůstky","kůstka","5","O","","","","","","Nom","","","Fem","","","","","Plur","","","","","","","","","","","","","","","","","","",""
"1","na","na","6","O","","","Prep","","","Loc","","","","","","","","","","","","","","","","","","","","","","","","","","",""
"1","hromádce","hromádka","7","O","","","","","","Loc","","","Fem","","","","","Sing","","","","","","","","","","","","","","","","","","",""
"1","u","u","8","O","","","Prep","","","Gen","","","","","","","","","","","","","","","","","","","","","","","","","","",""
"1","nádoby","nádoba","9","O","","","","","","Gen","","","Fem","","","","","Sing","","","","","","","","","","","","","","","","","","",""
"1","11","11","10","B-n_","Number expression (General)","","","","","","","","","","","Digit","Card","","","","","","","","","","","","","","","","","","","",""
"1","v","v","11","O","","","Prep","","","Loc","","","","","","","","","","","","","","","","","","","","","","","","","","",""
"1","jihozápadním","jihozápadní","12","O","","","","Inan","","Loc","Pos","","Masc","","","","","Sing","","Pos","","","","","","","","","","","","","","","","",""
"1","rohu","roh","13","O","","","","Inan","","Loc","","","Masc","","","","","Sing","","","","","","","","","","","","","","","","","","","No"
"1",",",",","14","O","","","","","","","","","","","","","","","","","","","","","","","","","","","","","","","","",""
"1","pokračování","pokračování","15","O","","","","","","Nom","","","Neut","","","","","Sing","","","","","","","Vnoun","","","","","","","","","","","","No"
"1",")",")","16","O","","","","","","","","","","","","","","","","","","","","","","","","","","","","","","","","","No"
"1",":",":","17","O","","","","","","","","","","","","","","","","","","","","","","","","","","","","","","","","",""
"1","Větší","velký","18","O","","","","Inan","","Nom","Cmp","","Masc","","","","","Sing","","Pos","","","","","","","","","","","","","","","","",""
"1","počet","počet","19","O","","","","Inan","","Nom","","","Masc","","","","","Sing","","","","","","","","","","","","","","","","","","",""
"1","fragmentů","fragment","20","O","","","","Inan","","Gen","","","Masc","","","","","Plur","","","","","","","","","","","","","","","","","","",""
"1","mozkovny","mozkovna","21","O","","","","","","Gen","","","Fem","","","","","Sing","","","","","","","","","","","","","","","","","","",""
"1","(","(","22","O","","","","","","","","","","","","","","","","","","","","","","","","","","","","","","","","","No"
"1","tlouštka","tlouštka","23","O","","","","","","Nom","","","Fem","","","","","Sing","","","","","","","","","","","","","","","","","","",""
"1","4","4","24","B-nc","Cardinal number","","","","","","","","","","","Digit","Card","","","","","","","","","","","","","","","","","","","","No"
"1","-","-","25","O","","","","","","","","","","","","","","","","","","","","","","","","","","","","","","","","","No"
"1","5","5","26","B-nc","Cardinal number","","","","","","","","","","","Digit","Card","","","","","","","","","","","","","","","","","","","",""
"1","mm","milimetr","27","B-oe","Measure unit","Yes","","Inan","","","","","Masc","","","","","","","","","","","","","","","","","","","","","","","","No"
"1",",",",","28","O","","","","","","","","","","","","","","","","","","","","","","","","","","","","","","","","",""
"1","drobný","drobný","29","O","","","","Inan","","Nom","Pos","","Masc","","","","","Sing","","Pos","","","","","","","","","","","","","","","","",""
"1","úlomek","úlomek","30","O","","","","Inan","","Nom","","","Masc","","","","","Sing","","","","","","","","","","","","","","","","","","",""
"1","temporální","temporální","31","O","","","","","","Gen","Pos","","Fem","","","","","Sing","","Pos","","","","","","","","","","","","","","","","",""
"1","pyramidy","pyramida","32","O","","","","","","Gen","","","Fem","","","","","Sing","","","","","","","","","","","","","","","","","","","No"
"1",")",")","33","O","","","","","","","","","","","","","","","","","","","","","","","","","","","","","","","","","No"
"1",",",",","34","O","","","","","","","","","","","","","","","","","","","","","","","","","","","","","","","","",""
"1","malý","malý","35","O","","","","Inan","","Nom","Pos","","Masc","","","","","Sing","","Pos","","","","","","","","","","","","","","","","",""
"1","úlomek","úlomek","36","O","","","","Inan","","Nom","","","Masc","","","","","Sing","","","","","","","","","","","","","","","","","","",""
"1","krčního","krční","37","O","","","","Inan","","Gen","Pos","","Masc","","","","","Sing","","Pos","","","","","","","","","","","","","","","","",""
"1","obratle","obratel","38","O","","","","Inan","","Gen","","","Masc","","","","","Sing","","","","","","","","","","","","","","","","","","",""
"1","(","(","39","O","","","","","","","","","","","","","","","","","","","","","","","","","","","","","","","","","No"
"1","výška","výška","40","O","","","","","","Nom","","","Fem","","","","","Sing","","","","","","","","","","","","","","","","","","",""
"1","těla","tělo","41","O","","","","","","Gen","","","Neut","","","","","Sing","","","","","","","","","","","","","","","","","","",""
"1","asi","asi","42","O","","","","","","","","","","","","","","","","","","","","","","","","","","","","","","","","",""
"1","11","11","43","B-nc","Cardinal number","","","","","","","","","","","Digit","Card","","","","","","","","","","","","","","","","","","","",""
"1","mm","milimetr","44","B-oe","Measure unit","Yes","","Inan","","","","","Masc","","","","","","","","","","","","","","","","","","","","","","","","No"
"1",")",")","45","O","","","","","","","","","","","","","","","","","","","","","","","","","","","","","","","","","No"
"1",".",".","46","O","","","","","","","","","","","","","","","","","","","","","","","","","","","","","","","","",""
"1","Kompakta","kompakta","1","O","","","","","","Nom","","","Fem","","","","","Sing","","","","","","","","","","","","","","","","","","",""
"1","končetinových","končetinový","2","O","","","","","","Gen","Pos","","Fem","","","","","Plur","","Pos","","","","","","","","","","","","","","","","",""
"1","kostí","kost","3","O","","","","","","Gen","","","Fem","","","","","Plur","","","","","","","","","","","","","","","","","","",""
"1","(","(","4","O","","","","","","","","","","","","","","","","","","","","","","","","","","","","","","","","","No"
"1","síla","síla","5","O","","","","","","Nom","","","Fem","","","","","Sing","","","","","","","","","","","","","","","","","","",""
"1","dosahuje","dosahovat","6","O","","","","","Imp","","","","","Ind","","","","Sing","3","Pos","","","Pres","","Fin","Act","","","","","","","","","","",""
"1","až","až","7","O","","","","","","","","","","","","","","","","","","","","","","","","","","","","","","","","",""
"1","5","5","8","B-nc","Cardinal number","","","","","","","","","","","Digit","Card","","","","","","","","","","","","","","","","","","","",""
"1","mm","milimetr","9","B-oe","Measure unit","Yes","","Inan","","","","","Masc","","","","","","","","","","","","","","","","","","","","","","","","No"
"1",")",")","10","O","","","","","","","","","","","","","","","","","","","","","","","","","","","","","","","","",""
"1","a","a","11","O","","","","","","","","","","","","","","","","","","","","","","","","","","","","","","","","",""
"1","rela","rela","12","O","","","","","","Nom","","","Fem","","","","","Sing","","","","","","","","","","","","","","","","","","",""
"1","relavětší","relavětší","13","O","","","","","","Nom","Cmp","","Neut","","","","","Sing","","Pos","","","","","","","","","","","","","","","","",""
"1","množství","množství","14","O","","","","","","Nom","","","Neut","","","","","Sing","","","","","","","","","","","","","","","","","","",""
"1","kostní","kostní","15","O","","","","","","Gen","Pos","","Fem","","","","","Sing","","Pos","","","","","","","","","","","","","","","","",""
"1","drti","drt","16","O","","","","","","Gen","","","Fem","","","","","Sing","","","","","","","","","","","","","","","","","","","No"
"1",".",".","17","O","","","","","","","","","","","","","","","","","","","","","","","","","","","","","","","","",""
"1","Sáček","sáček","1","O","","","","Inan","","Nom","","","Masc","","","","","Sing","","","","","","","","","","","","","","","","","","",""
"1","č","číslo","2","O","","Yes","","","","","","","Neut","","","","","","","","","","","","","","","","","","","","","","","","No"
"1",".66",".66","3","O","","","","","","","","","","","","Digit","Card","","","","","","","","","","","","","","","","","","","",""
"1","(","(","4","O","","","","","","","","","","","","","","","","","","","","","","","","","","","","","","","","","No"
"1","kůstky","kůstka","5","O","","","","","","Nom","","","Fem","","","","","Plur","","","","","","","","","","","","","","","","","","",""
"1","na","na","6","O","","","Prep","","","Loc","","","","","","","","","","","","","","","","","","","","","","","","","","",""
"1","hromádce","hromádka","7","O","","","","","","Loc","","","Fem","","","","","Sing","","","","","","","","","","","","","","","","","","",""
"1","u","u","8","O","","","Prep","","","Gen","","","","","","","","","","","","","","","","","","","","","","","","","","",""
"1","nádoby","nádoba","9","O","","","","","","Gen","","","Fem","","","","","Sing","","","","","","","","","","","","","","","","","","",""
"1","11","11","10","B-n_","Number expression (General)","","","","","","","","","","","Digit","Card","","","","","","","","","","","","","","","","","","","",""
"1","v","v","11","O","","","Prep","","","Loc","","","","","","","","","","","","","","","","","","","","","","","","","","",""
"1","jihozáp","jihozáp","12","O","","Yes","","","","","","","","","","","","","","","","","","","","","","","","","","","","","","","No"
"1",".",".","13","O","","","","","","","","","","","","","","","","","","","","","","","","","","","","","","","","",""
"1","rohu","roh","1","O","","","","Inan","","Gen","","","Masc","","","","","Sing","","","","","","","","","","","","","","","","","","","No"
"1",",",",","2","O","","","","","","","","","","","","","","","","","","","","","","","","","","","","","","","","",""
"1","pokračování","pokračování","3","O","","","","","","Nom","","","Neut","","","","","Sing","","","","","","","Vnoun","","","","","","","","","","","","No"
"1",")",")","4","O","","","","","","","","","","","","","","","","","","","","","","","","","","","","","","","","",""
"1","Několik","několik","5","O","","","","","","Nom","","","","","","","Card","","","","Ind","","","","","","","","","","","","","","","",""
"1","zlomků","zlomek","6","O","","","","Inan","","Gen","","","Masc","","","","","Plur","","","","","","","","","","","","","","","","","","",""
"1","mozkovny","mozkovna","7","O","","","","","","Gen","","","Fem","","","","","Sing","","","","","","","","","","","","","","","","","","",""
"1","o","o","8","O","","","Prep","","","Loc","","","","","","","","","","","","","","","","","","","","","","","","","","",""
"1","tlouštce","tlouštka","9","O","","","","","","Loc","","","Fem","","","","","Sing","","","","","","","","","","","","","","","","","","",""
"1","5","5","10","B-nc","Cardinal number","","","","","","","","","","","Digit","Card","","","","","","","","","","","","","","","","","","","",""
"1","mm","milimetr","11","B-oe","Measure unit","Yes","","Inan","","","","","Masc","","","","","","","","","","","","","","","","","","","","","","","","No"
"1",",",",","12","O","","","","","","","","","","","","","","","","","","","","","","","","","","","","","","","","",""
"1","fragment","fragment","13","O","","","","Inan","","Nom","","","Masc","","","","","Sing","","","","","","","","","","","","","","","","","","",""
"1","drobného","drobný","14","O","","","","Inan","","Gen","Pos","","Masc","","","","","Sing","","Pos","","","","","","","","","","","","","","","","",""
"1","kořene","kořen","15","O","","","","Inan","","Gen","","","Masc","","","","","Sing","","","","","","","","","","","","","","","","","","",""
"1","zubu","zub","16","O","","","","Inan","","Gen","","","Masc","","","","","Sing","","","","","","","","","","","","","","","","","","",""
"1","a","a","17","O","","","","","","","","","","","","","","","","","","","","","","","","","","","","","","","","",""
"1","kostní","kostní","18","O","","","","","","Gen","Pos","","Fem","","","","","Sing","","Pos","","","","","","","","","","","","","","","","",""
"1","drt","drta","19","O","","","","","","Gen","","","Fem","","","","","Plur","","","","","","","","","","","","","","","","","","",""
"1","s","s","20","O","","","Prep","","","Ins","","","","","","","","","","","","","","","","","","","","","","","","","","",""
"1","několika","několik","21","O","","","","","","Ins","","","","","","","Card","","","","Ind","","","","","","","","","","","","","","","",""
"1","částečkami","částečka","22","O","","","","","","Ins","","","Fem","","","","","Plur","","","","","","","","","","","","","","","","","","",""
"1","kompakty","kompakt","23","O","","","","Inan","","Gen","","","Masc","","","","","Sing","","","","","","","","","","","","","","","","","","",""
"1","o","o","24","O","","","Prep","","","Loc","","","","","","","","","","","","","","","","","","","","","","","","","","",""
"1","síle","síla","25","O","","","","","","Loc","","","Fem","","","","","Sing","","","","","","","","","","","","","","","","","","",""
"1","až","až","26","O","","","","","","","","","","","","","","","","","","","","","","","","","","","","","","","","",""
"1","6","6","27","B-nc","Cardinal number","","","","","","","","","","","Digit","Card","","","","","","","","","","","","","","","","","","","",""
"1","mm","milimetr","28","B-oe","Measure unit","Yes","","Inan","","","","","Masc","","","","","","","","","","","","","","","","","","","","","","","","No"
"1",".",".","29","O","","","","","","","","","","","","","","","","","","","","","","","","","","","","","","","","","No"
"2","Sáček","sáček","1","O","","","","Inan","","Nom","","","Masc","","","","","Sing","","","","","","","","","","","","","","","","","","",""
"2","č","číslo","2","O","","Yes","","","","","","","Neut","","","","","","","","","","","","","","","","","","","","","","","","No"
"2",".",".","3","O","","","","","","","","","","","","","","","","","","","","","","","","","","","","","","","","",""
"2","82","82","4","B-n_","Number expression (General)","","","","","","","","","","","Digit","Card","","","","","","","","","","","","","","","","","","","",""
"2","(","(","5","O","","","","","","","","","","","","","","","","","","","","","","","","","","","","","","","","","No"
"2","kůstky","kůstka","6","O","","","","","","Nom","","","Fem","","","","","Plur","","","","","","","","","","","","","","","","","","",""
"2","na","na","7","O","","","Prep","","","Loc","","","","","","","","","","","","","","","","","","","","","","","","","","",""
"2","hromádce","hromádka","8","O","","","","","","Loc","","","Fem","","","","","Sing","","","","","","","","","","","","","","","","","","",""
"2","u","u","9","O","","","Prep","","","Gen","","","","","","","","","","","","","","","","","","","","","","","","","","",""
"2","nádoby","nádoba","10","O","","","","","","Gen","","","Fem","","","","","Sing","","","","","","","","","","","","","","","","","","",""
"2","11","11","11","B-n_","Number expression (General)","","","","","","","","","","","Digit","Card","","","","","","","","","","","","","","","","","","","",""
"2","v","v","12","O","","","Prep","","","Loc","","","","","","","","","","","","","","","","","","","","","","","","","","",""
"2","jihozáp","jihozáp","13","O","","Yes","","","","","","","","","","","","","","","","","","","","","","","","","","","","","","","No"
"2",".",".","14","O","","","","","","","","","","","","","","","","","","","","","","","","","","","","","","","","",""
"2","rohu","roh","1","O","","","","Inan","","Gen","","","Masc","","","","","Sing","","","","","","","","","","","","","","","","","","","No"
"2",",",",","2","O","","","","","","","","","","","","","","","","","","","","","","","","","","","","","","","","",""
"2","pokrač","pokrač","3","O","","Yes","","","","","","","Fem","","","","","","","","","","","","","","","","","","","","","","","","No"
"2",".",".","4","O","","","","","","","","","","","","","","","","","","","","","","","","","","","","","","","","","No"
"2",")",")","5","O","","","","","","","","","","","","","","","","","","","","","","","","","","","","","","","","","No"
"2",":",":","6","O","","","","","","","","","","","","","","","","","","","","","","","","","","","","","","","","",""
"2","Několik","několik","1","O","","","","","","Nom","","","","","","","Card","","","","Ind","","","","","","","","","","","","","","","",""
"2","drobných","drobný","2","O","","","","Inan","","Gen","Pos","","Masc","","","","","Plur","","Pos","","","","","","","","","","","","","","","","",""
"2","zlomků","zlomek","3","O","","","","Inan","","Gen","","","Masc","","","","","Plur","","","","","","","","","","","","","","","","","","",""
"2","mozkovny","mozkovna","4","O","","","","","","Gen","","","Fem","","","","","Sing","","","","","","","","","","","","","","","","","","",""
"2","štěpené","štěpený","5","O","","","","","","Gen","Pos","","Fem","","","","","Sing","","Pos","","","","","Part","Pass","","","","","","","","","","",""
"2","v","v","6","O","","","Prep","","","Loc","","","","","","","","","","","","","","","","","","","","","","","","","","",""
"2","diploe","diploe","7","O","","","","","","","","Yes","","","","","","","","","","","","","","","","","","","","","","","","","No"
"2",",",",","8","O","","","","","","","","","","","","","","","","","","","","","","","","","","","","","","","","",""
"2","malá","malý","9","O","","","","","","Nom","Pos","","Fem","","","","","Sing","","Pos","","","","","","","","","","","","","","","","",""
"2","část","část","10","O","","","","","","Nom","","","Fem","","","","","Sing","","","","","","","","","","","","","","","","","","",""
"2","temporální","temporální","11","O","","","","","","Gen","Pos","","Fem","","","","","Sing","","Pos","","","","","","","","","","","","","","","","",""
"2","pyramidy","pyramida","12","O","","","","","","Gen","","","Fem","","","","","Sing","","","","","","","","","","","","","","","","","","","No"
"2",",",",","13","O","","","","","","","","","","","","","","","","","","","","","","","","","","","","","","","","",""
"2","fragmenty","fragment","14","O","","","","Inan","","Nom","","","Masc","","","","","Plur","","","","","","","","","","","","","","","","","","",""
"2","kompakty","kompakt","15","O","","","","Inan","","Gen","","","Masc","","","","","Sing","","","","","","","","","","","","","","","","","","",""
"2","končetinových","končetinový","16","O","","","","","","Gen","Pos","","Fem","","","","","Plur","","Pos","","","","","","","","","","","","","","","","",""
"2","kostí","kost","17","O","","","","","","Gen","","","Fem","","","","","Plur","","","","","","","","","","","","","","","","","","",""
"2","(","(","18","O","","","","","","","","","","","","","","","","","","","","","","","","","","","","","","","","","No"
"2","tlouštka","tlouštka","19","O","","","","","","Nom","","","Fem","","","","","Sing","","","","","","","","","","","","","","","","","","",""
"2","až","až","20","O","","","","","","","","","","","","","","","","","","","","","","","","","","","","","","","","",""
"2","6","6","21","B-nc","Cardinal number","","","","","","","","","","","Digit","Card","","","","","","","","","","","","","","","","","","","",""
"2","mm","milimetr","22","B-oe","Measure unit","Yes","","Inan","","","","","Masc","","","","","","","","","","","","","","","","","","","","","","","","No"
"2",")",")","23","O","","","","","","","","","","","","","","","","","","","","","","","","","","","","","","","","","No"
"2",",",",","24","O","","","","","","","","","","","","","","","","","","","","","","","","","","","","","","","","",""
"2","menší","malý","25","O","","","","","","Nom","Cmp","","Neut","","","","","Sing","","Pos","","","","","","","","","","","","","","","","",""
"2","množství","množství","26","O","","","","","","Nom","","","Neut","","","","","Sing","","","","","","","","","","","","","","","","","","",""
"2","kostní","kostní","27","O","","","","","","Gen","Pos","","Fem","","","","","Sing","","Pos","","","","","","","","","","","","","","","","",""
"2","drti","drt","28","O","","","","","","Gen","","","Fem","","","","","Sing","","","","","","","","","","","","","","","","","","","No"
"2",".",".","29","O","","","","","","","","","","","","","","","","","","","","","","","","","","","","","","","","",""
"2","Sáček","sáček","1","O","","","","Inan","","Nom","","","Masc","","","","","Sing","","","","","","","","","","","","","","","","","","",""
"2","č","číslo","2","O","","Yes","","","","","","","Neut","","","","","","","","","","","","","","","","","","","","","","","","No"
"2",".52",".52","3","O","","","","","","","","","","","","Digit","Card","","","","","","","","","","","","","","","","","","","",""
"2","(","(","4","O","","","","","","","","","","","","","","","","","","","","","","","","","","","","","","","","","No"
"2","kůstky","kůstka","5","O","","","","","","Nom","","","Fem","","","","","Plur","","","","","","","","","","","","","","","","","","",""
"2","u","u","6","O","","","Prep","","","Gen","","","","","","","","","","","","","","","","","","","","","","","","","","",""
"2","nádoby","nádoba","7","O","","","","","","Gen","","","Fem","","","","","Sing","","","","","","","","","","","","","","","","","","",""
"2","16","16","8","B-n_","Number expression (General)","","","","","","","","","","","Digit","Card","","","","","","","","","","","","","","","","","","","",""
"2","v","v","9","O","","","Prep","","","Loc","","","","","","","","","","","","","","","","","","","","","","","","","","",""
"2","severovýchodním","severovýchodní","10","O","","","","Inan","","Loc","Pos","","Masc","","","","","Sing","","Pos","","","","","","","","","","","","","","","","",""
"2","rohu","roh","11","O","","","","Inan","","Loc","","","Masc","","","","","Sing","","","","","","","","","","","","","","","","","","","No"
"2",")",")","12","O","","","","","","","","","","","","","","","","","","","","","","","","","","","","","","","","","No"
"2",":",":","13","O","","","","","","","","","","","","","","","","","","","","","","","","","","","","","","","","",""
"2","Pouze","pouze","1","O","","","","","","","","","","","","","","","","","","","","","","","","","","","","","","","","",""
"2","3","3","2","B-nc","Cardinal number","","","","","","","","","","","Digit","Card","","","","","","","","","","","","","","","","","","","",""
"2","drobné","drobný","3","O","","","","Inan","","Nom","Pos","","Masc","","","","","Plur","","Pos","","","","","","","","","","","","","","","","",""
"2","fragmenty","fragment","4","O","","","","Inan","","Nom","","","Masc","","","","","Plur","","","","","","","","","","","","","","","","","","",""
"2","kostní","kostní","5","O","","","","Inan","","Nom","Pos","","Masc","","","","","Plur","","Pos","","","","","","","","","","","","","","","","",""
"2","kompakty","kompakt","6","O","","","","Inan","","Nom","","","Masc","","","","","Plur","","","","","","","","","","","","","","","","","","","No"
"2",";",";","7","O","","","","","","","","","","","","","","","","","","","","","","","","","","","","","","","","",""
"2","blíže","blízko","8","O","","","","","","","Cmp","","","","","","","","","Pos","","","","","","","","","","","","","","","","",""
"2","neurčitelné","určitelný","9","O","","","","Inan","","Nom","Pos","","Masc","","","","","Plur","","Neg","","","","","","","","","","","","","","","","","No"
"2",".",".","10","O","","","","","","","","","","","","","","","","","","","","","","","","","","","","","","","","",""
"2","Sáček","sáček","1","O","","","","Inan","","Nom","","","Masc","","","","","Sing","","","","","","","","","","","","","","","","","","",""
"2","č","číslo","2","O","","Yes","","","","","","","Neut","","","","","","","","","","","","","","","","","","","","","","","","No"
"2",".57",".57","3","O","","","","","","","","","","","","Digit","Card","","","","","","","","","","","","","","","","","","","",""
"2","(","(","4","O","","","","","","","","","","","","","","","","","","","","","","","","","","","","","","","","","No"
"2","kůstky","kůstka","5","O","","","","","","Nom","","","Fem","","","","","Plur","","","","","","","","","","","","","","","","","","",""
"2","v","v","6","O","","","Prep","","","Loc","","","","","","","","","","","","","","","","","","","","","","","","","","",""
"2","jamce","jamka","7","O","","","","","","Loc","","","Fem","","","","","Sing","","","","","","","","","","","","","","","","","","",""
"2","u","u","8","O","","","Prep","","","Gen","","","","","","","","","","","","","","","","","","","","","","","","","","",""
"2","nádoby","nádoba","9","O","","","","","","Gen","","","Fem","","","","","Sing","","","","","","","","","","","","","","","","","","",""
"2","20","20","10","B-n_","Number expression (General)","","","","","","","","","","","Digit","Card","","","","","","","","","","","","","","","","","","","",""
"2","v","v","11","O","","","Prep","","","Loc","","","","","","","","","","","","","","","","","","","","","","","","","","",""
"2","severozápadním","severozápadní","12","O","","","","Inan","","Loc","Pos","","Masc","","","","","Sing","","Pos","","","","","","","","","","","","","","","","",""
"2","rohu","roh","13","O","","","","Inan","","Loc","","","Masc","","","","","Sing","","","","","","","","","","","","","","","","","","","No"
"2",")",")","14","O","","","","","","","","","","","","","","","","","","","","","","","","","","","","","","","","","No"
"2",":",":","15","O","","","","","","","","","","","","","","","","","","","","","","","","","","","","","","","","",""
"2","Jediný","jediný","16","O","","","","Inan","","Nom","Pos","","Masc","","","","","Sing","","Pos","","","","","","","","","","","","","","","","",""
"2","drobný","drobný","17","O","","","","Inan","","Nom","Pos","","Masc","","","","","Sing","","Pos","","","","","","","","","","","","","","","","",""
"2","zlomeček","zlomeček","18","O","","","","Inan","","Nom","","","Masc","","","","","Sing","","","","","","","","","","","","","","","","","","",""
"2","kostní","kostní","19","O","","","","","","Gen","Pos","","Fem","","","","","Sing","","Pos","","","","","","","","","","","","","","","","",""
"2","kompakty","kompakta","20","O","","","","","","Gen","","","Fem","","","","","Sing","","","","","","","","","","","","","","","","","","","No"
"2",".",".","21","O","","","","","","","","","","","","","","","","","","","","","","","","","","","","","","","","",""
"2","Sáček","sáček","1","O","","","","Inan","","Nom","","","Masc","","","","","Sing","","","","","","","","","","","","","","","","","","",""
"2","8.83","8.83","2","B-n_","Number expression (General)","","","","","","","","","","","Digit","Card","","","","","","","","","","","","","","","","","","","",""
"2","(","(","3","O","","","","","","","","","","","","","","","","","","","","","","","","","","","","","","","","","No"
"2","kůstky","kůstka","4","O","","","","","","Nom","","","Fem","","","","","Plur","","","","","","","","","","","","","","","","","","",""
"2","v","v","5","O","","","Prep","","","Loc","","","","","","","","","","","","","","","","","","","","","","","","","","",""
"2","jamce","jamka","6","O","","","","","","Loc","","","Fem","","","","","Sing","","","","","","","","","","","","","","","","","","",""
"2","u","u","7","O","","","Prep","","","Gen","","","","","","","","","","","","","","","","","","","","","","","","","","",""
"2","nádoby","nádoba","8","O","","","","","","Gen","","","Fem","","","","","Sing","","","","","","","","","","","","","","","","","","",""
"2","20","20","9","B-n_","Number expression (General)","","","","","","","","","","","Digit","Card","","","","","","","","","","","","","","","","","","","",""
"2","v","v","10","O","","","Prep","","","Loc","","","","","","","","","","","","","","","","","","","","","","","","","","",""
"2","severozápadním","severozápadní","11","O","","","","Inan","","Loc","Pos","","Masc","","","","","Sing","","Pos","","","","","","","","","","","","","","","","",""
"2","rohu","roh","12","O","","","","Inan","","Loc","","","Masc","","","","","Sing","","","","","","","","","","","","","","","","","","","No"
"2",",",",","13","O","","","","","","","","","","","","","","","","","","","","","","","","","","","","","","","","",""
"2","pokračování","pokračování","14","O","","","","","","Nom","","","Neut","","","","","Sing","","","","","","","Vnoun","","","","","","","","","","","","No"
"2",")",")","15","O","","","","","","","","","","","","","","","","","","","","","","","","","","","","","","","","","No"
"2",":",":","16","O","","","","","","","","","","","","","","","","","","","","","","","","","","","","","","","","",""
"2","Malý","malý","17","O","","","","Inan","","Nom","Pos","","Masc","","","","","Sing","","Pos","","","","","","","","","","","","","","","","",""
"2","zlomek","zlomek","18","O","","","","Inan","","Nom","","","Masc","","","","","Sing","","","","","","","","","","","","","","","","","","",""
"2","mozkovny","mozkovna","19","O","","","","","","Gen","","","Fem","","","","","Sing","","","","","","","","","","","","","","","","","","",""
"2","(","(","20","O","","","","","","","","","","","","","","","","","","","","","","","","","","","","","","","","","No"
"2","tlouštka","tlouštka","21","O","","","","","","Nom","","","Fem","","","","","Sing","","","","","","","","","","","","","","","","","","",""
"2","3","3","22","B-nc","Cardinal number","","","","","","","","","","","Digit","Card","","","","","","","","","","","","","","","","","","","","No"
"2","-","-","23","O","","","","","","","","","","","","","","","","","","","","","","","","","","","","","","","","","No"
"2","4","4","24","B-nc","Cardinal number","","","","","","","","","","","Digit","Card","","","","","","","","","","","","","","","","","","","",""
"2","mm","milimetr","25","B-oe","Measure unit","Yes","","Inan","","","","","Masc","","","","","","","","","","","","","","","","","","","","","","","","No"
"2",")",")","26","O","","","","","","","","","","","","","","","","","","","","","","","","","","","","","","","","",""
"2","a","a","27","O","","","","","","","","","","","","","","","","","","","","","","","","","","","","","","","","",""
"2","3","3","28","B-nc","Cardinal number","","","","","","","","","","","Digit","Card","","","","","","","","","","","","","","","","","","","",""
"2","částky","částka","29","O","","","","","","Nom","","","Fem","","","","","Plur","","","","","","","","","","","","","","","","","","",""
"2","kostní","kostní","30","O","","","","","","Gen","Pos","","Fem","","","","","Sing","","Pos","","","","","","","","","","","","","","","","",""
"2","drti","drt","31","O","","","","","","Gen","","","Fem","","","","","Sing","","","","","","","","","","","","","","","","","","",""
"2","bez","bez","32","O","","","Prep","","","Gen","","","","","","","","","","","","","","","","","","","","","","","","","","",""
"2","charakteristických","charakteristický","33","O","","","","Inan","","Gen","Pos","","Masc","","","","","Plur","","Pos","","","","","","","","","","","","","","","","",""
"2","znaků","znak","34","O","","","","Inan","","Gen","","","Masc","","","","","Plur","","","","","","","","","","","","","","","","","","","No"
"2",".",".","35","O","","","","","","","","","","","","","","","","","","","","","","","","","","","","","","","","",""
"2","V","v","1","O","","","Prep","","","Loc","","","","","","","","","","","","","","","","","","","","","","","","","","",""
"2","tomto","tento","2","O","","","","","","Loc","","","Masc,Neut","","","","","Sing","","","Dem","","","","","","","","","","","","","","","",""
"2","materiálu","materiál","3","O","","","","Inan","","Loc","","","Masc","","","","","Sing","","","","","","","","","","","","","","","","","","",""
"2","bylo","být","4","O","","","","","Imp","","","","Neut","","","","","Sing","","Pos","","","Past","","Part","Act","","","","","","","","","","",""
"2","nalezeno","nalezený","5","O","","","","","Perf","","Pos","","Neut","","","","","Sing","","Pos","","","","Short","Part","Pass","","","","","","","","","","",""
"2","též","též","6","O","","","","","","","","","","","","","","","","","","","","","","","","","","","","","","","","",""
"2","několik","několik","7","O","","","","","","Nom","","","","","","","Card","","","","Ind","","","","","","","","","","","","","","","",""
"2","uhlíků","uhlík","8","O","","","","Inan","","Gen","","","Masc","","","","","Plur","","","","","","","","","","","","","","","","","","","No"
"2",".",".","9","O","","","","","","","","","","","","","","","","","","","","","","","","","","","","","","","","",""
"2","Souhrn","souhrn","1","O","","","","Inan","","Nom","","","Masc","","","","","Sing","","","","","","","","","","","","","","","","","","","No"
"2",":",":","2","O","","","","","","","","","","","","","","","","","","","","","","","","","","","","","","","","",""
"2","Materiály","materiál","3","O","","","","Inan","","Nom","","","Masc","","","","","Plur","","","","","","","","","","","","","","","","","","",""
"2","z","z","4","O","","","Prep","","","Gen","","","","","","","","","","","","","","","","","","","","","","","","","","",""
"2","jednotlivých","jednotlivý","5","O","","","","Inan","","Gen","Pos","","Masc","","","","","Plur","","Pos","","","","","","","","","","","","","","","","",""
"2","sáčků","sáček","6","O","","","","Inan","","Gen","","","Masc","","","","","Plur","","","","","","","","","","","","","","","","","","",""
"2","(","(","7","O","","","","","","","","","","","","","","","","","","","","","","","","","","","","","","","","","No"
"2","celkové","celkový","8","O","","","","","","Nom","Pos","","Neut","","","","","Sing","","Pos","","","","","","","","","","","","","","","","",""
"2","množství","množství","9","O","","","","","","Nom","","","Neut","","","","","Sing","","","","","","","","","","","","","","","","","","",""
"2","19","19","10","B-nc","Cardinal number","","","","","","","","","","","Digit","Card","","","","","","","","","","","","","","","","","","","",""
"2","dkg","dkilogram","11","B-oe","Measure unit","Yes","","Inan","","","","","Masc","","","","","","","","","","","","","","","","","","","","","","","","No"
"2",")",")","12","O","","","","","","","","","","","","","","","","","","","","","","","","","","","","","","","","",""
"2","mají","mít","13","O","","","","","Imp","","","","","Ind","","","","Plur","3","Pos","","","Pres","","Fin","Act","","","","","","","","","","",""
"2","jednot","jednot","14","O","","","","Inan","","Acc","","","Masc","","","","","Sing","","","","","","","","","","","","","","","","","","",""
"2","jednotcharakter","jednotcharakter","15","O","","","","Inan","","Acc","","","Masc","","","","","Sing","","","","","","","","","","","","","","","","","","","No"
"2",":",":","16","O","","","","","","","","","","","","","","","","","","","","","","","","","","","","","","","","",""
"2","dokonalý","dokonalý","17","O","","","","Inan","","Acc","Pos","","Masc","","","","","Sing","","Pos","","","","","","","","","","","","","","","","",""
"2","stupeň","stupeň","18","O","","","","Inan","","Acc","","","Masc","","","","","Sing","","","","","","","","","","","","","","","","","","",""
"2","spálení","spálení","19","O","","","","","","Gen","","","Neut","","","","","Sing","","","","","","","Vnoun","","","","","","","","","","","","No"
"2",",",",","20","O","","","","","","","","","","","","","","","","","","","","","","","","","","","","","","","","",""
"2","nažloutlé","nažloutlý","21","O","","","","","","Acc","Pos","","Neut","","","","","Sing","","Pos","","","","","","","","","","","","","","","","",""
"2","zbarvení","zbarvení","22","O","","","","","","Acc","","","Neut","","","","","Sing","","","","","","","Vnoun","","","","","","","","","","","","No"
"2",",",",","23","O","","","","","","","","","","","","","","","","","","","","","","","","","","","","","","","","",""
"2","jednotný","jednotný","24","O","","","","Inan","","Acc","Pos","","Masc","","","","","Sing","","Pos","","","","","","","","","","","","","","","","",""
"2","morfologický","morfologický","25","O","","","","Inan","","Acc","Pos","","Masc","","","","","Sing","","Pos","","","","","","","","","","","","","","","","",""
"2","vzhled","vzhled","26","O","","","","Inan","","Acc","","","Masc","","","","","Sing","","","","","","","","","","","","","","","","","","","No"
"2",",",",","27","O","","","","","","","","","","","","","","","","","","","","","","","","","","","","","","","","",""
"2","neopakují","opakovat","28","O","","","","","Imp","","","","","Ind","","","","Plur","3","Neg","","","Pres","","Fin","Act","","","","","","","","","","",""
"2","se","se","29","O","","","","","","Acc","","","","","","","","","","","Prs","Yes","","Short","","","","","","","","","","","","",""
"2","anatomické","anatomický","30","O","","","","","","Nom","Pos","","Fem","","","","","Plur","","Pos","","","","","","","","","","","","","","","","",""
"2","části","část","31","O","","","","","","Nom","","","Fem","","","","","Plur","","","","","","","","","","","","","","","","","","","No"
"2",".",".","32","O","","","","","","","","","","","","","","","","","","","","","","","","","","","","","","","","",""
"2","Nic","nic","1","O","","","","","","Nom","","","","","","","","","","","Neg","","","","","","","","","","","","","","","",""
"2","tedy","tedy","2","O","","","","","","","","","","","","","","","","","","","","","","","","","","","","","","","","",""
"2","nena","nena","3","O","","","","","","","","","","","","","","","","","","","","","","","","","","","","","","","","",""
"2","nenaže","nenaže","4","O","","","","","","","","","","","","","","","","","","","","","","","","","","","","","","","","",""
"2","by","být","5","O","","","","","Imp","","","","","Cnd","","","","","","","","","","","Fin","","","","","","","","","","","",""
"2","mohlo","moci","6","O","","","","","Imp","","","","Neut","","","","","Sing","","Pos","","","Past","","Part","Act","","","","","","","","","","",""
"2","jít","jít","7","O","","","","","Imp","","","","","","","","","","","Pos","","","","","Inf","","","","","","","","","","","",""
"2","o","o","8","O","","","Prep","","","Acc","","","","","","","","","","","","","","","","","","","","","","","","","","",""
"2","pozůstatky","pozůstatek","9","O","","","","Inan","","Acc","","","Masc","","","","","Plur","","","","","","","","","","","","","","","","","","",""
"2","více","více","10","O","","","","","","","Cmp","","","","","","","","","Pos","","","","","","","","","","","","","","","","",""
"2","jedinců","jedinec","11","O","","","","Anim","","Gen","","","Masc","","","","","Plur","","","","","","","","","","","","","","","","","","","No"
"2",",",",","12","O","","","","","","","","","","","","","","","","","","","","","","","","","","","","","","","","",""
"2","na","na","13","O","","","Prep","","","Loc","","","","","","","","","","","","","","","","","","","","","","","","","","",""
"2","druhé","druhý","14","O","","","","","","Loc","","","Fem","","","","Ord","Sing","","","","","","","","","","","","","","","","","","",""
"2","straně","strana","15","O","","","","","","Loc","","","Fem","","","","","Sing","","","","","","","","","","","","","","","","","","",""
"2","ovšem","ovšem","16","O","","","","","","","","","","","","","","","","","","","","","","","","","","","","","","","","",""
"2","zase","zase","17","O","","","","","","","","","","","","","","","","","","","","","","","","","","","","","","","","",""
"2","nelze","lze","18","O","","","","","Imp","","","","","Ind","","","","Sing","3","Neg","","","Pres","","Fin","Act","","","","","","","","","","",""
"2","příslušnost","příslušnost","19","O","","","","","","Acc","","","Fem","","","","","Sing","","","","","","","","","","","","","","","","","","",""
"2","jedinému","jediný","20","O","","","","","","Dat","Pos","","Neut","","","","","Sing","","Pos","","","","","","","","","","","","","","","","",""
"2","individuu","individuum","21","O","","","","","","Dat","","","Neut","","","","","Sing","","","","","","","","","","","","","","","","","","",""
"2","(","(","22","O","","","","","","","","","","","","","","","","","","","","","","","","","","","","","","","","","No"
"2","snad","snad","23","O","","","","","","","","","","","","","","","","","","","","","","","","","","","","","","","","",""
"2","nejspíše","nejspíš","24","O","","","","","","","","","","","","","","","","","","","","","","","","","","","","","","","","",""
"2","dospě","dospě","25","O","","","","","","","Pos","","","","","","","","","Pos","","","","","","","","","","","","","","","","",""
"2","dospěosobě","dospěosobě","26","O","","","","","","","Pos","","","","","","","","","Pos","","","","","","","","","","","","","","","","",""
"2","gracilní","gracilní","27","O","","","","","","Gen","Pos","","Fem","","","","","Sing","","Pos","","","","","","","","","","","","","","","","",""
"2","až","až","28","O","","","","","","","","","","","","","","","","","","","","","","","","","","","","","","","","",""
"2","střední","střední","29","O","","","","","","Gen","Pos","","Fem","","","","","Sing","","Pos","","","","","","","","","","","","","","","","",""
"2","tělesné","tělesný","30","O","","","","","","Gen","Pos","","Fem","","","","","Sing","","Pos","","","","","","","","","","","","","","","","",""
"2","stavby","stavba","31","O","","","","","","Gen","","","Fem","","","","","Sing","","","","","","","","","","","","","","","","","","","No"
"2",")",")","32","O","","","","","","","","","","","","","","","","","","","","","","","","","","","","","","","","",""
"2","bezpečně","bezpečně","33","O","","","","","","","Pos","","","","","","","","","Pos","","","","","","","","","","","","","","","","",""
"2","prokázat","prokázat","34","O","","","","","Perf","","","","","","","","","","","Pos","","","","","Inf","","","","","","","","","","","","No"
"2",".",".","35","O","","","","","","","","","","","","","","","","","","","","","","","","","","","","","","","","",""
"2","Kůstky","kůstka","1","O","","","","","","Nom","","","Fem","","","","","Plur","","","","","","","","","","","","","","","","","","",""
"2","jsou","být","2","O","","","","","Imp","","","","","Ind","","","","Plur","3","Pos","","","Pres","","Fin","Act","","","","","","","","","","",""
"2","velmi","velmi","3","O","","","","","","","","","","","","","","","","","","","","","","","","","","","","","","","","",""
"2","drobně","drobně","4","O","","","","","","","Pos","","","","","","","","","Pos","","","","","","","","","","","","","","","","",""
"2","drcené","drcený","5","O","","","","","","Nom","Pos","","Fem","","","","","Plur","","Pos","","","","","Part","Pass","","","","","","","","","","","No"
"2",",",",","6","O","","","","","","","","","","","","","","","","","","","","","","","","","","","","","","","","",""
"2","takže","takže","7","O","","","","","","","","","","","","","","","","","","","","","","","","","","","","","","","","",""
"2","se","se","8","O","","","","","","Acc","","","","","","","","","","","Prs","Yes","","Short","","","","","","","","","","","","",""
"2","nezachovaly","zachovat","9","O","","","","Inan","Imp","","","","Fem,Masc","","","","","Plur","","Neg","","","Past","","Part","Act","","","","","","","","","","",""
"2","znaky","znak","10","O","","","","Inan","","Nom","","","Masc","","","","","Plur","","","","","","","","","","","","","","","","","","",""
"2","nezbyt","zbyt","11","O","","","","","","Gen","","","Fem","","","","","Plur","","","","","","","","","","","","","","","","","","",""
"2","nezbytpro","zbytpro","12","O","","","","","","","","","","","","","","","","","","","","","","","","","","","","","","","","",""
"2","spolehlivější","spolehlivý","13","O","","","","","","Acc","Cmp","","Neut","","","","","Sing","","Pos","","","","","","","","","","","","","","","","",""
"2","určení","určení","14","O","","","","","","Acc","","","Neut","","","","","Sing","","","","","","","Vnoun","","","","","","","","","","","","No"
"2",".",".","15","O","","","","","","","","","","","","","","","","","","","","","","","","","","","","","","","","",""
"2","Převážná","převážný","1","O","","","","","","Nom","Pos","","Fem","","","","","Sing","","Pos","","","","","","","","","","","","","","","","",""
"2","většina","většina","2","O","","","","","","Nom","","","Fem","","","","","Sing","","","","","","","","","","","","","","","","","","",""
"2","fragmentů","fragment","3","O","","","","Inan","","Gen","","","Masc","","","","","Plur","","","","","","","","","","","","","","","","","","",""
"2","je","být","4","O","","","","","Imp","","","","","Ind","","","","Sing","3","Pos","","","Pres","","Fin","Act","","","","","","","","","","",""
"2","více","více","5","O","","","","","","","Cmp","","","","","","","","","Pos","","","","","","","","","","","","","","","","",""
"2","či","či","6","O","","","","","","","","","","","","","","","","","","","","","","","","","","","","","","","","",""
"2","méně","méně","7","O","","","","","","","Cmp","","","","","","","","","Pos","","","","","","","","","","","","","","","","",""
"2","intensivně","intensivně","8","O","","","","","","","Pos","","","","","","","","","Pos","","","","","","","","","","","","","","","","",""
"2","zabarvena","zabarvený","9","O","","","","","Perf","","Pos","","Fem,Neut","","","","","Plur,Sing","","Pos","","","","Short","Part","Pass","","","","","","","","","","",""
"2","oxydováným","oxydováný","10","O","","","","","","Ins","Pos","","Neut","","","","","Sing","","Pos","","","","","Part","Pass","","","","","","","","","","",""
"2","železem","železo","11","O","","","","","","Ins","","","Neut","","","","","Sing","","","","","","","","","","","","","","","","","","","No"
"2",",",",","12","O","","","","","","","","","","","","","","","","","","","","","","","","","","","","","","","","",""
"2","Pozn","poznámka","13","O","","Yes","","","","","","","Fem","","","","","","","","","","","","","","","","","","","","","","","","No"
"2",".",".","14","O","","","","","","","","","","","","","","","","","","","","","","","","","","","","","","","","","No"
"2",":",":","15","O","","","","","","","","","","","","","","","","","","","","","","","","","","","","","","","","",""
"2","Materiál","materiál","16","O","","","","Inan","","Nom","","","Masc","","","","","Sing","","","","","","","","","","","","","","","","","","",""
"2","uložen","uložený","17","O","","","","","Perf","","Pos","","Masc","","","","","Sing","","Pos","","","","Short","Part","Pass","","","","","","","","","","",""
"2","v","v","18","O","","","Prep","","","Loc","","","","","","","","","","","","","","","","","","","","","","","","","","",""
"2","antropologickém","antropologický","19","O","","","","","","Loc","Pos","","Neut","","","","","Sing","","Pos","","","","","","","","","","","","","","","","",""
"2","oddělení","oddělení","20","O","","","","","","Loc","","","Neut","","","","","Sing","","","","","","","Vnoun","","","","","","","","","","","",""
"2","AÚ","AÚ","21","B-ic","Cult/Educational institution","Yes","","","","","","","","","","","","","","","","","","","","","","","","","","","","","","",""
"2","ČSAV","ČSAV","22","I-ic","Cult/Educational institution","Yes","","","","","","","","","Oth","","","","","","","","","","","","","","","","","","","","","",""
"2","pod","pod","23","O","","","Prep","","","Ins","","","","","","","","","","","","","","","","","","","","","","","","","","",""
"2","inv","inv","24","O","","Yes","","","","","Pos","","","","","","","","","Pos","","","","","","","","","","","","","","","","","No"
"2",".",".","25","O","","","","","","","","","","","","","","","","","","","","","","","","","","","","","","","","","No"
"2","č","číslo","26","O","","Yes","","","","","","","Neut","","","","","","","","","","","","","","","","","","","","","","","","No"
"2",".",".","27","O","","","","","","","","","","","","","","","","","","","","","","","","","","","","","","","","",""
"2","ž","ž","28","B-ty","Year","Yes","","","","","","","","","","","","","","","","","","","","","","","","","","","","","","","No"
"2","-","-","29","O","","","","","","","","","","","","","","","","","","","","","","","","","","","","","","","","","No"
"2","1865","1865","30","B-ty","Year","","","","","","","","","","","Digit","Card","","","","","","","","","","","","","","","","","","","","No"
"2",".",".","31","O","","","","","","","","","","","","","","","","","","","","","","","","","","","","","","","","",""
"2","V","v","1","O","","","Prep","","","Loc","","","","","","","","","","","","","","","","","","","","","","","","","","",""
"2","Praze","Praha","2","B-gu","Settlement name (City/Town)","","","","","Loc","","","Fem","","Geo","","","Sing","","","","","","","","","","","","","","","","","","",""
"2","dne","den","3","O","","","","Inan","","Gen","","","Masc","","","","","Sing","","","","","","","","","","","","","","","","","","",""
"2","8","8","4","B-T","Complex time expressions","","","","","","","","","","","Digit","Card","","","","","","","","","","","","","","Yes","","","","","","No"
"2",".",".","5","I-T","Complex time expressions","","","","","","","","","","","","","","","","","","","","","","","","","","","","","","","Yes",""
"2","února","únor","6","I-T","Complex time expressions","","","Inan","","Gen","","","Masc","","","","","Sing","","","","","","","","","","","","","","Yes","","","","",""
"2","1972","1972","7","I-T","Complex time expressions","","","","","","","","","","","Digit","Card","","","","","","","","","","","","","","","","Yes","","","",""
"2","i","i","8","O","","","","","","","","","","","","","","","","","","","","","","","","","","","","","","","","",""
"2","A","A","9","B-P","Complex personal names","Yes","","","","","","","","","","","","","","","","","","","","","","Yes","","","","","","","","",""
"2","Dr","Dr","10","I-P","Complex personal names","Yes","","","","","","","","","","","","","","","","","","","","","","Yes","","","","","","","","","No"
"2",".",".","11","I-P","Complex personal names","","","","","","","","","","","","","","","","","","","","","","","","","","","","","Yes","","",""
"2","Jaromír","Jaromír","12","I-P","Complex personal names","","","Anim","","Nom","","","Masc","","Giv","","","Sing","","","","","","","","","","","Yes","","","","","","","",""
"2","Chochol","Chochol","13","I-P","Complex personal names","","","Anim","","Nom","","","Masc","","Giv","","","Sing","","","","","","","","","","","","Yes","","","","","","","No"
